of	ɒv
they	ðeɪ
about	əbaʊt
could	kʊd
man	mæn
very	vɛɹi
work	wɜk
call	kɑl
help	hɛlp
every	ɛvəɹi
its	ɪts
hand	hænd
about	əbaʊt
without	wɪðaʊt
begin	bəgɪn
fact	fækt
maybe	meɪbi
issue	ɪsju
though	ðoʊ
both	boʊθ
back	bæk
whether	wɛðər
stay	steɪ
office	ɔfɪs
grow	ɡɹəʊ
whole	hoʊl
hard	hɑɹd
listen	lɪsən
full	fʊl
local	loʊkl
value	vælju
explain	ɪkspleɪn
movie	muvi
difference	dɪfɹəns
effort	ɛfɚt
because	bɪkɒz
situation	sɪtjueɪʃən
share	ʃɛɚ
simply	sɪmpli
open	oʊpən
save	seɪv
guess	ɡɛs
election	ɪlekʃən
certain	sɝtn
available	əveɪləbəl
current	kɝɹənt
list	lɪst
fire	faɪəɹ
author	ɔθɚ
note	nəʊt
top	tɒp
worker	wɝkɚ
race	ɹeɪs
poor	pɔr
enjoy	ɪndʒɔɪ
defense	difɛns
century	sɛntʃəɹi
animal	ænəməl
mile	maɪl
compare	kəmpɛɹ
sister	sɪstə
thus	ðʌs
candidate	kændɪdət
somebody	sʌmbədi
meeting	mitɪŋ
imagine	ɪmædʒɪn
disease	dɪziz
rise	raɪz
method	mɛθəd
shit	ʃɪt
interview	ɪntəvju
environment	ɪnvaɪɹənmɨnt
river	ɹɪvɚ
bit	bɪt
absolutely	æbsəlutli
trouble	tɹʌbəl
seat	sit
necessary	nɛsəsɛɹi
democratic	dɛməkɹætɪk
address	ædɹɛs
management	mænɪdʒmənt
discover	dɪskʌvəɹ
user	juzər
inside	ɪnsaɪd
nor	nɔɹ
mouth	maʊθ
travel	tɹævəl
photograph	fəʊtəɡɹæf
touch	tʌtʃ
suffer	sʌfɚ
heat	hit
judge	dʒʌdʒ
fall	fɔl
element	elɪmənt
just	dʒʌst
interested	ɪntɹəstɪd
hill	hɪl
basic	beɪsɪk
engage	ɪnɡeɪdʒ
smile	smaɪl
apple	æpl
lake	leɪk
gain	ɡeɪn
otherwise	ʌðəɹwaɪz
cry	kɹaɪ
associate	əsoʊʃieɪt
connection	kənɛkʃən
smart	smɑt
ride	ɹaɪd
presence	prɛzəns
crowd	kraʊd
border	bɔrdər
relation	rɪleɪʃən
volume	vɑljum
hire	haɪəɹ
forest	fɑɹɪst
focus	foʊkəs
advice	ædvaɪs
enemy	ɛnəmi
female	fimeɪl
glad	ɡlæd
kick	kɪk
actor	æktə
session	sɛʃən
youth	juθ
extend	ɛkstɛnd
surprise	səpɹaɪz
lift	lɪft
excuse	ɪkskjuz
desire	dɪzaɪə
anywhere	ɛnihweəɹ
grand	ɡɹænd
angry	æŋɡri
neck	nɛk
generate	dʒɛnəɹeɪt
circle	sɜɹkəl
works	wɝks
comfortable	kʌmftɚbəl
teaching	titʃɪŋ
zone	zəʊn
minority	mʌɪnɒɹᵻti
gender	dʒɛndɚ
tooth	tuθ
self	sɛlf
shift	ʃɪft
convention	kənvɛnʃən
scream	skɹim
farmer	fɑɹməɹ
question	kwɛstʃən
era	ɛrə
guide	ɡaɪd
escape	ɪskeɪp
eliminate	ɪlɪməneɪt
pretty	pɹɪti
far	fɑɹ
hand	hænd
fast	fæst
basketball	bæskɪtbɔl
quote	kwəʊt
separate	sɛpəɹət
technical	tɛknɪkəl
soil	sɔɪl
selection	səlɛkʃən
resolution	ɹɛzəluʃən
dude	dud
slow	sloʊ
offense	ɒfɛns
fairly	fɛəɹli
pregnant	pɹɛɡnənt
deficit	dɛfɪsɪt
philosophy	fɪlɒsəfi
prosecutor	prɑsəkjutər
knife	naɪf
publication	pʌblɪkeɪʃən
beneath	bɪniθ
pepper	pɛpɚ
accomplish	əkɒmplɪʃ
engineering	endʒɪnɪərɪŋ
brief	bɹif
shout	ʃaʊt
avenue	ævənju
scholar	skɒlə
illness	ɪlnɛs
awesome	ɔsəm
retire	ɹətaɪəɹ
incredible	ɪnkrɛdəbəl
rarely	ɹɛli
giant	dʒaɪənt
stream	strim
accurate	ækjɚɪt
pay	peɪ
another	ənʌðəɹ
potentially	pətɛnʃəli
slide	slaɪd
rather	ɹɑðə
reputation	ɹɛpjʊteɪʃən
giant	dʒaɪənt
fishing	fɪʃɪŋ
stranger	stɹeɪndʒəɹ
sequence	sikwəns
electronic	ɪlɛktɹɑnɪk
impression	ɪmpɹeʃən
visible	vɪzəbəl
detect	dɪtɛkt
apologize	əpɒlədʒaɪz
cent	sɛnt
manufacturer	mænjufæktʃɚrɚ
roll	ɹoʊl
violate	vaɪəleɪt
idiot	ɪdiət
stadium	steɪdiəm
mix	mɪks
incorporate	ɪnkɔɹpɚeɪt
taste	teɪst
stake	steɪk
developer	dɪvɛləpəɹ
tiger	taɪɡə
administrator	ədmɪnɪstɹeɪtə
publisher	pʌblɪʃɚ
tomato	təmɑtəʊ
contest	kəntɛst
surprise	səpɹaɪz
purchase	pɜtʃəs
adapt	ədæpt
random	rændəm
smell	smɛl
stable	steɪbəl
update	ʌpdeɪt
chemical	kɛmɪkəl
silly	sɪli
crap	kɹæp
imagination	ɪmædʒəneɪʃən
drawing	dɹɔɪŋɡ
guide	ɡaɪd
segment	sɛɡmənt
notice	noʊtɪs
pill	pɪl
dumb	dʌm
furthermore	fɜɹðəɹmɔɹ
aircraft	ɛəkɹɑft
duke	dʒuk
furniture	fɜnɪtʃə
garage	ɡəɹɑʒ
allegation	æləɡeɪʃən
fake	feɪk
grant	ɡɹænt
mall	mæl
courage	kʌɹɪdʒ
till	tɪl
function	fʌŋkʃən
soccer	sɒkə
fabric	fæbrɪk
admire	ædmaɪɚ
virtual	vɝtʃuəl
athletic	æθlɛtɪk
sword	sɔɹd
dose	dəʊs
grave	ɡreɪv
absorb	æbsɔrb
nominee	nɒmɪni
nail	neɪl
hardware	hɑɹdwɛɚ
snake	sneɪk
depict	dɪpɪkt
rescue	reskju
praise	pɹeɪz
van	væn
motive	məʊtɪv
chronic	kɹɒnɪk
driving	draɪvɪŋ
tag	tæɡ
precious	prɛʃəs
agricultural	æɡɹɪkəltʃəɹəl
powder	paʊdəɹ
govern	ɡʌvɚn
butt	bʌt
nonetheless	nʌnðəlɛs
speed	spid
civilian	sɪvɪljən
tune	tʃun
jeans	dʒinz
ranch	ɹæntʃ
advertisement	ædvɚtaɪzmənt
blow	bləʊ
bitter	bɪtər
treasury	tɹɛʒəɹi
frame	freɪm
republican	ɹɪpʌblɪkən
consent	kənsɛnt
apology	əpɒlədʒɪ
inspector	ɪnspɛktɚ
convey	kənveɪ
eating	itɪŋ
custody	kʌstədi
horn	hɔɹn
repair	ɹəpɛɹ
unity	junɪti
electrical	ɪlɛktɹɪkəl
attraction	ətɹækʃən
needle	nidl
magnitude	mæɡnɪtjud
chase	tʃeɪs
credibility	kɹɛdəbɪɫɪti
pursuit	pəsjut
broadcast	brɔdkɑst
repair	ɹəpɛɹ
frozen	fɹəʊzən
theology	θiɒlədʒi
beam	bim
carbohydrate	kɑɹboʊhaɪdɹeɪt
cloth	klɒθ
thief	θif
continent	kɒntɪnənt
accusation	ækjʊzeɪʃən
jaw	dʒɔ
dot	dɒt
sibling	sɪblɪŋ
feed	fid
popularity	pɒpjəlæɹɪti
stem	stɛm
presumably	pɹɪzuməbli
practitioner	præktɪʃənə
conscience	kɒnʃəns
transport	tɹænzpɔɹt
puzzle	pʌzəl
elder	ɛldɚ
lightning	laɪtnɪŋ
instruct	ɪnstɹʌkt
curiosity	kjʊərɪɒsɪti
cafe	kæfeɪ
banker	bæŋkər
dying	daɪɪŋ
verdict	vɝdɪkt
eighth	eɪtθ
chunk	tʃʌŋk
throne	θɹəʊn
whip	wɪp
destiny	dɛstɪni
emperor	ɛmpəɹɚ
discourage	dɪskʌɹɪdʒ
balloon	bəlun
sudden	sʌdn
leak	lik
usage	jusidʒ
eyebrow	aɪbraʊ
predator	predətər
haul	hɔl
authentic	ɔθɛntɪk
scent	sent
surrender	sərɛndəɹ
taxi	tæksi
utterly	ʌtəɹli
frustrate	fɹʌstɹeɪt
audio	ɔdioʊ
subsequently	sʌbsɪkwəntli
miserable	mɪzrəbəl
patron	peɪtʃɹən
absurd	æbsɝd
distress	dɪstɹɛs
metropolitan	mɛtɹəpɒlɪtən
tenure	tɛnjɚ
pumpkin	pʌmpkɪn
contemplate	kɑntəmpleɪt
stove	stoʊv
reason	ɹizən
supplement	sʌpləmənt
circle	sɜɹkəl
affection	ʌfɛkʃən
compensate	kɒmpənseɪt
atheist	eɪθiɪst
spider	spaɪdəɹ
fulfil	fʊlfɪl
sovereignty	sɒvɹənti
straighten	stɹeɪtn
erase	ɪɹeɪs
immigrant	ɪmɪɡɹənt
spike	spaɪk
sofa	səʊfə
thy	ðaɪ
grade	ɡɹeɪd
transparent	trænspærənt
plunge	plʌndʒ
jerk	dʒɜk
partisan	pɑtɪzæn
precedent	pɹɛsɪdənt
kilometer	kəlɑmɨɾɹ
spark	spɑrk
manipulation	mənɪpjʊuleɪʃʌn
tub	tʌb
total	təʊtəl
sympathetic	sɪmpəθɛtɪk
kind	kaɪnd
bipartisan	baɪpɑɹtɪzæn
cohort	kəʊhɔɹt
comet	kɒmət
ground	ɡɹaʊnd
genome	dʒinəʊm
prey	pɹeɪ
dioxide	daɪɒksaɪd
handy	hændi
glorious	ɡlɔɹiəs
cinema	sɪnəmə
shaft	ʃæft
translator	tɹænzleɪtɚ
bully	bʊli
collaborate	kəlæbəɹeɪt
thanks	θæŋks
faction	fækʃən
puppet	pʌpɪt
secretly	sikrətli
paid	peɪd
umbrella	ʌmbɹɛlə
scrape	skreɪp
slate	sleɪt
skiing	skiɪŋ
amend	əmɛnd
embarrassment	ɪmbæɹəsmənt
aloud	ʌlaʊd
mug	mʌɡ
stink	stɪŋk
exile	ɛksaɪl
vine	vaɪn
dictator	dɪkteɪtəɹ
feminine	fɛmɪnɪn
dim	dɪm
massacre	mæsəkəɹ
referendum	ɹɛfəɹɛndəm
comprehend	kɒmpɹɪhɛnd
referral	rifɹəl
severity	səvɛɹɨɾi
whistle	wɪsl
inconsistent	ɪnkənsɪstənt
nursery	nɝsəri
syrup	sɪɹəp
anchor	æŋkə
intercept	ɪntɚsɛpt
called	kɔld
tester	tɛstə
pew	pju
worthwhile	wɜɹθwaɪl
dwarf	dwɔrf
nationwide	neɪʃənwaɪd
thermal	θɝməl
definitive	dɪfɪnɪtɪv
pod	pɒd
antique	æntik
savannah	səvænə
statewide	steɪtwaɪd
interim	intɜrim
scam	skæm
dispose	dɪspoʊz
fearful	fɪəfəl
hurdle	hɝdəl
leisure	liʒər
surge	sɝdʒ
blunt	blʌnt
shepherd	ʃɛpərd
pasture	pɑstʃə
pastry	peɪstri
slack	slæk
allegiance	əlidʒəns
coupon	kjupɑn
intermediate	ɪntəɹmɪidɪiət
formidable	fɔɹmɪdəbəl
duck	dʌk
grad	ɡɹæd
vineyard	vɪnjɚd
obscure	əbskjʊəɹ
lace	leɪs
deepen	dipən
moan	moʊn
boot	but
trillion	tɹɪljən
gal	ɡæl
anonymity	ænənɪməɾi
informant	ɪnfɔmənt
homer	həʊmə
razor	ɹeɪzə
moral	mɔrəl
righteous	raɪtʃəs
fungus	fʌŋɡəs
baggage	bæɡɪdʒ
disgust	dɪsɡʌst
extreme	ɪkstɹim
pundit	pʌndɪt
multitude	mʌltɪtjud
aspire	əspaiɚ
adult	ædlt
sync	sɪŋk
reversal	ɹɪvɜɹsəl
daytime	deɪtaɪm
intercourse	ɪntɚkɔɹs
hue	hju
stuck	stʌk
shack	ʃæk
degradation	dɛgɹədeɪʃən
flake	fleɪk
trooper	tɹupəɹ
collide	kəlɑɪd
square	skwɛəɹ
alleviate	əlivieɪt
delusion	dɪluʒən
stew	stju
adaptive	ədæptɪv
annoy	ənɔɪ
after	ɑftəɹ
embargo	ɪmbɑɹɡoʊ
lecture	lɛktʃə
rant	ɹænt
conserve	kənsɜrv
pant	pænt
humane	hjumeɪn
reminiscent	ɹɛmənɪsnt
mislead	mɪslid
liner	laɪnə
maverick	mævərɪk
commence	kəmɛns
exemplify	ɪɡzɛmplɪfaɪ
curb	kɜb
marsh	mɑɹʃ
catalogue	kætəlɒɡ
read	ɹɛd
needy	nidi
briefcase	brifkeɪs
swimmer	swɪməɹ
hesitation	hɛzɪteɪʃən
dial	daɪəɫ
magician	mədʒɪʃən
sexist	sɛksɪst
spill	spɪl
derivative	dɪɹɪvətɪv
relic	ɹɛlɪk
facet	fæsɪt
graceful	ɡɹeɪsfʊl
envy	ɛnvi
contour	kɒntʊər
chalk	tʃɔk
yeast	jist
slam	slam
shelter	ʃɛltə
inflate	ɪnfleɪt
affiliate	ʌfɪliet
mingle	mɪŋɡəl
alphabet	ælfəbɛt
stylish	staɪlɪʃ
harness	hɑɹnəs
fasten	fæsən
denomination	dɪnɒmɪneɪʃən
longevity	lɒndʒɛvɪti
displacement	dɪspleɪsmənt
man	mæn
augment	ɔɡmɛnt
deacon	dikən
interruption	ɪntəɹʌpʃən
ion	aɪən
cosmetic	kɔzmɛɾɪk
rum	ɹʌm
confide	kənfaɪd
polish	pɒlɪʃ
salty	sɒlti
tar	tɑɹ
crib	kɹɪb
metallic	mɪtælɪk
divisive	dɪvaɪsɪv
cleric	klɛɹɪk
outpost	aʊtpoʊst
boob	bub
salvage	sælvɪdʒ
asphalt	æsfɔlt
rake	ɹeɪk
bilingual	baɪlɪŋɡwəl
dawn	dɔn
handkerchief	haŋkətʃif
bound	baʊnd
puddle	pʌdəl
overhead	əʊvəhɛd
chic	ʃik
eyelid	aɪlɪd
excerpt	ɛgzɜt
hymn	hɪm
kill	kɪl
grate	ɡɹeɪt
dart	dɑɹt
fetal	fitl
iceberg	aɪsbɜɡ
amuse	əmjuz
snag	snæɡ
espouse	ɛsspaʊz
fanatic	fənætɪk
stale	steɪl
dearly	dɪəɹli
homage	ɒmɨdʒ
hideous	hɪdiʌs
daring	deəɹɪŋg
pineapple	paɪnæpəl
magnify	maɡnɪfʌɪ
accreditation	əkɹɛdɪteɪʃən
affirmation	æfɝmeɪʃn
ancestry	ænsɛstɹi
royal	rɔɪəl
academically	ækədɛmɪkəli
determinant	dɪtɜɹmɪnənt
predicament	pɹɪdɪkəmənt
hide	haɪd
comb	kəʊm
lawful	lɔfʊl
following	fɑloʊɪŋ
weed	wid
sly	slaɪ
penetration	pɛnɪtɹeɪʃən
waver	weɪvəɹ
genesis	dʒɛnəsɪs
apprehension	æpɹihɛnʃən
solidify	səlɪdəfaɪ
notoriously	nətɔɹɪəsli
gut	ɡʌt
scrub	skɹʌb
aggravate	æɡrəvet
savage	sævɪdʒ
diarrhea	daɪəɹiə
fume	fjum
null	nʌl
skate	skeɪt
sarcasm	sɑkæzəm
cynicism	sɪnɪsɪzəm
exploit	ɪksplɔɪt
pimp	pɪmp
intestine	ɪntɛstɪn
audible	ɔədibl
sulfur	sʌlfə
expend	ɪkspɛnd
fitting	fɪtɪŋ
hallucination	həlusəneɪʃən
corroborate	kərɒbəreɪt
backstage	bæksteɪdʒ
negate	nɪɡeɪt
brew	bru
penalize	pɛnəlaɪz
torrent	tɔɹɪnt
defective	dɪfɛktɪv
amazement	ʌmezmɛnt
zipper	zɪpɚ
umpire	ʌmpaɪəɹ
smug	smʌɡ
grand	ɡɹænd
excess	ɛksɛs
absurdity	æbsɝdɪti
brittle	bɹɪtl
revere	rəvir
ignition	ɪgnɪʃən
afterlife	æftɚlaɪf
geology	dʒiɑlədʒɪ
ram	ɹæm
rooster	rustər
parade	pəɹeɪd
crony	kroʊni
birdie	bərdi
tendon	tɛndən
caricature	kærɪkətʃʊɚ
wink	wɪŋk
swell	swɛl
cradle	kreɪdəl
wrench	ɹɛntʃ
maxim	mæksɪm
save	seɪv
pitfall	pɪtfɔl
wrench	ɹɛntʃ
iris	aɪɹɪs
amazon	æməzɑn
video	vɪdioʊ
prognosis	prɒɡnəʊsɪs
payback	peɪbæk
mahogany	məhɒɡəni
shabby	ʃæbi
cardboard	kɑdbɔd
meticulous	mɨtɪkjɨlɨs
hereby	hɪrbaɪ
sovereign	sɒvrɪn
wasteful	weɪstfəl
timid	tɪmɪd
taut	tɔt
front	fɹʌnt
malware	mælweəɹ
nickname	nɪkneɪm
dwindle	dwɪndəl
teddy	tɛdi
distraught	dɪstɹɔt
subprime	sʌbpɹʌɪm
bait	beɪt
grace	ɡɹeɪs
buggy	bʌɡi
ace	eɪs
rebuttal	ɹɪbʌtəl
pursuit	pəsjut
clerical	klɛɹɪkəl
accentuate	æksentʃueɪt
forsake	foɻseɪk
magnolia	mæɡnoliə
crispy	krɪspi
sporadic	spərædɾɪk
rafter	ɹɑftəɹ
deficient	dɪfɪʃənt
resin	ɹɛzɪn
semantics	sɪmæntɪks
rummage	ɹʌmɪdʒ
case	keɪs
inward	ɪnwəd
rendezvous	ɹɒndɪvu
caramel	kæɹəmɛl
troll	tɹɒl
detriment	dɛtɹɪmənt
prick	pɹɪk
regularity	ɹɛɡjulæɹəti
cola	kəʊlə
pap	pæp
invincible	ɪnvɪnsɪbl
tau	taʊ
abstain	æbsteɪn
piece	pis
instil	ɪnstɪl
momentous	məʊmɛntəs
amp	æmp
denominator	dɪnɒmɪneɪtəɹ
toaster	toʊstɚ
devalue	divælju
digestion	daɪdʒɛstʃən
dreamy	dɹimi
binding	baɪndiŋ
silicone	sɪlɪkəʊn
supplant	səplɑnt
jubilee	dʒubɪli
impasse	ɪmpæs
flail	fleɪl
decree	dɪkɹi
idle	aɪdəl
orb	ɔrb
deluxe	dəlʌks
hitch	hɪtʃ
zebra	zibɹə
privy	pɹɪvi
dermatologist	dɜɹmətɒlədʒɪst
supersede	suwpɹsijd
subordinate	səbɔdɪnət
pivot	pɪvət
paradoxical	pɛrədɑksɪkəl
skillful	skɪlfəl
archdiocese	ɑtʃdaɪəsɪs
denigrate	dɛnɪɡɹeɪt
tights	taɪts
humanism	hjumənɪzəm
despair	dɪspɛər
allot	əlɑt
cardio	kɑdɪəʊ
meander	miændəɹ
outdo	aʊtdu
grit	ɡɹɪt
notoriety	noʊtɚaɪəti
whine	waɪn
heron	hɛɹən
veritable	vɛritəbl
aggregate	æɡrɪɡət
limelight	laɪmlaɪt
hectare	hɛktɛ
enigma	ənɪɡmə
uphill	ʌphɪl
guard	ɡɑɹd
aristocracy	æɹɪstɒkɹəsi
medley	mɛdli
ornamental	ɔɹnəmɛntl
lap	læp
matching	mætʃɪŋ
testicle	tɛstɪkəl
buzzer	bʌzə
dull	dʌl
gripe	ɡɹʌɪp
pare	peəɹ
leaflet	liflɪt
fracture	fɹæktʃɘ
blasphemy	blæsfəmɪ
anoint	ʌnɔɪnt
ultimatum	ʌltɪmeɪtəm
hapless	hæplɪs
scandalous	skændələs
stagnation	stæɡneɪʃən
misrepresentation	mɪsɹɛpɹɨzɛnteɪʃən
spite	spaɪt
chirp	tʃɜɹp
maroon	mərun
rye	ɹaɪ
escalator	ɛskəleɪtə
derogatory	dɪɹɒɡətɹi
scalpel	skælpəl
wart	wɔɹt
nifty	nɪfti
over	əʊvəɹ
cashmere	kæʒmiɹ
lair	lɛɹ
silo	saɪloʊ
wayward	weɪwɚd
father	fɑðɚ
siphon	saɪfən
practise	pɹæktɪs
bathrobe	bɑθɹəʊb
concoction	kənkɒkʃən
breakfast	bɹɛkfəst
synopsis	sɪnɑpsɪs
wiki	wiki
tycoon	taikun
abject	æbdʒɛkt
scot	skɒt
dissection	dɪsɛkʃən
whisky	mɪski
prowl	praʊl
mug	mʌɡ
errant	ɛɹənt
turquoise	tɜɹkwɔɪz
site	saɪt
foreshadow	fɔʃadəʊ
consequent	kɑnsɪkwənt
altercation	ɔltɚkeʃən
distal	dɪstəl
wow	waʊ
consul	kɒnsəl
leisurely	liʒɚli
summons	sʌmənz
contraceptive	kɒntrəsɛptɪv
awning	ɔnɪŋ
stub	stʌb
jaded	dʒeɪdɛd
gape	ɡeɪp
grease	ɡris
gloss	ɡlɒs
ethereal	ɪθɪriəl
snob	snɒb
defraud	dɪfɹɔd
repertory	ɹɛpəɹtɔɹi
additive	æɾətɪv
kink	kɪŋk
sleigh	sleɪ
gauze	ɡɔz
extrinsic	ɛkstrɪnzɪk
prequel	pɹikwəl
quarrel	kwɔrəl
recast	rikɑst
abiding	əbaɪdɪŋ
plunder	plʌndər
encroach	ɪnkɹəʊtʃ
sup	sʌp
retainer	ɹəteɪnɚ
belligerent	bəlɪdʒəɹənt
fence	fɛnts
sober	səʊbəɹ
wild	waɪld
discerning	dɪsɝniŋ
widening	waɪdənɪŋ
degeneration	dɪdʒɛnəɹeɪʃən
cog	kɑɡ
cut	kʌt
artful	ɑɹtfʊl
nautical	nɔtɪkl
oncology	ɒŋkɒlədʒi
typify	tɪpɪfaɪ
tint	tɪnt
mirage	mɪrɑʒ
purr	pɜɹ
accredit	əkrɛdɪt
daydream	deɪdrim
know	nəʊ
widower	wɪdoʊɚ
hound	haʊnd
wickedness	wɪkɪdnəs
smudge	smʌdʒ
amorphous	əmɔrfəs
zodiac	zəʊdɪæk
graft	ɡɹæft
fission	fɪʃən
punt	pʌnt
nativity	nətɪvɪti
perpendicular	pɝpɛndɪkjulɝ
coolly	kʊullɪi
gruff	ɡɹʌf
rewind	riwʌɪnd
ice	aɪs
scorn	skɔrn
barometer	bəɹɒmətəɹ
harbinger	hɑɹbɪndʒɚ
amiss	əmɪs
cadaver	kədævəɹ
schism	sɪzəm
thoroughfare	θʌɹəfɛ
clot	klɒt
medial	midiəl
lingo	lɪŋɡəʊ
cauliflower	kɒlɪflaʊə
revulsion	ɹɪvʌlʃən
extraneous	ɪkstreɪniəs
gripe	ɡɹʌɪp
sprinter	spɹɪntər
tout	taʊt
pariah	pəraɪə
deleterious	dɛlətɪriəs
stabbing	stæbɪŋ
catapult	kætəpʌlt
botch	bɑtʃ
legging	lɛɡɪŋ
delirious	dɪlɪɹɪəs
equalize	ikwəlʌɪz
cacophony	kəkɒfəni
dictum	dɪktəm
proviso	prəvaɪzoʊ
irrigate	ɪɹəɡeɪt
tracer	tɹeɪsəɹ
basilica	bəsɪlɪkə
smudge	smʌdʒ
smattering	smætəɹɪŋ
beef	bif
deranged	dɪɹeɪndʒd
disparaging	dɪspæɹɪdʒɪŋg
welder	wɛldəɹ
crucible	kɹusɪbəl
piper	paɪpə
diagonally	daɪæɡənəli
amok	əmɒk
override	əʊvəraɪd
cabal	kəbæl
polka	pɒlkə
unplug	ʌnplʌɡ
ogre	əʊɡə
corporal	kɔpɹəl
dragonfly	dræɡənflaɪ
thunderous	θʌndəɹəs
drapery	dreɪpəri
charlatan	ʃɑɹlətən
deathly	dɛθli
beefy	bifi
enjoin	ɛndʒɔɪn
vehicular	viɪkjələɹ
unwrap	ʌnræp
swig	swɪɡ
divider	dɪvaɪdəɹ
retort	rɪtɔt
antipathy	æntɪpəθi
capitulate	kəpɪtjʊleɪt
gas	ɡæs
harbour	hɑbə
dehumanize	dihjumənaɪz
rinse	ɹɪns
cleave	kliv
overcast	oʊvɚkæst
derivation	dɛɹɪveɪʃən
wick	wɪk
raven	reɪvən
bide	baɪd
oligarch	oʊlɪɡɑrk
subsidiary	sʌbsɪdjɜɹi
skimpy	skɪmpi
class	klæs
chai	tʃaɪ
overeat	oʊvɚit
ballistics	bəlɪstɪks
backpack	bækpæk
corporeal	kɔpɔɹɪəl
tiptoe	tɪptoʊ
unabashed	ʌnəbæʃt
bother	bɒðər
posthumous	pɒstʃəməs
overcome	əʊvəkʌm
morph	mɔrf
pug	pʌɡ
gilt	ɡɪɫt
misogynistic	mɪsɒdʒənɪstɪk
dusky	dʌski
hyperactive	haɪpəɹæktɪv
cheque	tʃek
silhouette	sɪlʊwɛt
suffuse	səfjuz
lumbar	lʌmbɑ
dioxin	daɪɒksɪn
disembodied	dɪsɪmbɒdid
helix	hilɪks
ream	rim
snicker	snɪkəɹ
grotto	ɡɹɑtoʊ
op-ed	ɒpɛd
generative	dʒenərətɪv
orderly	ɔdəli
kitty	kɪti
mountaineer	maʊntɪnɪəɹ
carer	kɛəɹɚ
pet	pɛt
steer	stɪər
courtier	kɔɹtiɚ
raspy	ɹɑspɪ
vole	vəʊl
schmuck	ʃmʌk
meow	miaʊ
spook	spuk
mangled	mæŋɡəld
despondent	dɪspɒndənt
exegesis	ɛksɪdʒisɪs
licensee	laɪsənsi
lust	lʌst
unabated	ʌnəbeɪtɪd
sorghum	sɔɹɡəm
meatloaf	mitloʊf
squirt	skwɜrt
hodgepodge	hɒdʒpɒdʒ
abbot	æbət
diamondback	daɪməndbæk
puma	pumə
dilation	daɪleɪʃən
spongy	spʌndʒi
acrid	ækɹɪd
decoding	dɪkəʊdɪŋg
workmanship	wɜkmənʃɪp
knoll	nəʊl
pedophilia	pɛdəfiliə
none	nʌn
frisk	fɹɪsk
dazzle	dæzəl
moccasin	mɑkəsɪn
awed	ɔd
cursed	kɜst
foible	fɔɪbəl
core	kɔɹ
stein	staɪn
turmeric	tɜɹməɹɪk
behoove	bɨhuv
spacer	speɪsər
levitate	lɛvɪteɪt
mettle	mɛtl
kelp	kɛlp
spigot	spɪɡət
traipse	tɹeɪps
cataclysm	kætəklɪzm
flamenco	fləmɛŋkəʊ
accelerometer	ɪksɛlərɑmətɚ
cellophane	sɛləfeɪn
frigate	fɹɪɡət
fucked-up	fʌktʌp
sponge	spʌndʒ
figurehead	fɪgjəɹhɛd
invective	ɪnvɛktɪv
remiss	ɹəmɪs
clog	klɒɡ
stork	stɔrk
telepathy	təlɛpəthi
aqueous	eɪkwiəs
holiday	hɒlɪdeɪ
warlock	wɔlɒk
licorice	lɪkəɹɪʃ
causeway	kɔzweɪ
derived	dɪɹaɪvd
etymology	ɛtəmɑlədʒi
islet	aɪlɪt
biotic	baɪɒtɪk
croquet	kroʊkeɪ
demure	dɪmjʊəɹ
blight	blaɪt
glyph	ɡlɪf
hairpin	heɪrpɪn
queer	kwir
quibble	kwɪbəl
tatters	tætəz
noncommittal	nɑnkəmɪtl
flabby	flæbi
misunderstood	mɪsɜndərstʊd
ex	ɛks
petticoat	pɛtɪkəʊt
theism	θiɪzəm
olden	əʊldn
portly	pɔtli
deceleration	dɪsɛləɹeɪʃən
protease	pɹəʊtɪeɪz
excommunicate	ɛkskəmjunɪkət
formalism	fɔməlɪzəm
shamrock	ʃæmɹɒk
excoriate	ɪkskɔɹieɪt
sacrosanct	sækɹoʊsæŋkt
singe	sɪndʒ
libelous	laɪbəlʌs
disassociate	əsəʊʃieɪt
quack	kwæk
turner	tɜrnər
offhand	ɔfhænd
pinhead	pɪnhɛd
bop	bɒp
admittance	ədmɪtns
toy	tɔɪ
reprise	rəpriz
ditty	dɪti
ocular	ɑkjəlɚ
bod	bɒd
cymbal	kɪmbəl
conformation	kɑnfɚmeɪʃən
retrofit	ɹɛtɹəʊfɪt
curate	kjʊərət
minotaur	mɪnətɔɹ
advance	ədvæns
flagstone	flæɡstəʊn
chipotle	tʃɪpəʉtleɪ
attire	ətaɪər
apocryphal	əpɑkɹɪfəl
cream	kɹim
prude	prud
bandana	bændænə
mic	maɪk
russet	rʌsət
portent	pɔɹtɛnt
birder	bɜrdər
nag	næɡ
bellwether	bɛlwɛðə
ukulele	jukəleɪli
bygone	baɪɡɒn
ibis	aɪbɪs
soldier	səʊldʒəɹ
impetuous	impɛtʃuəs
koala	kəʊɑlə
trapeze	tɹəpiz
puritanical	pjʊəɹɪtænɪkəl
haiku	haɪku
vacillate	væsəleɪt
firebrand	faɪəbɹænd
depredation	dɛpɹədeɪʃən
analytically	ænʌlɪtɪcʌlli
rhapsody	ɹapsədi
rue	ru
tanning	tænɪŋ
icebox	ʌɪsbɒks
potpourri	pəʊpɜɹi
airless	eəɹləs
freckle	fɹɛkəl
pawnshop	pɔnʃɒp
hunchback	hʌntʃbæk
nonchalance	nɑnʃəlɑns
alabaster	æləbæstə
dereliction	dɛɹɪlɪkʃən
preppy	prɛpi
revisionism	rɪvɪʒənɪzəm
menorah	mɪnɔɹə
luck	lʌk
reefer	ɹifə
valise	vəliz
scalp	skælp
ennui	ɑnwi
gamete	ɡæmit
sanctification	saŋktɪfɪkeɪʃən
perplexity	pəplɛksɪti
postulate	pɒstjʊlət
toga	təʊɡə
sartorial	sɑtɔɹiəl
lob	lɒb
decontamination	dikəntæmɪneɪʃən
abridge	əbrɪdʒ
beanie	bini
servile	səɹvaɪl
smut	smʌt
swoon	swun
masseuse	məsus
dither	dɪðəɹ
bezel	bɛzəl
dodo	dəʊdəʊ
sucker	sʌkə
feigned	feɪnd
verbiage	vɜɹbiɪdʒ
emaciated	əmeɪsieɪtɪd
troika	tɹɔɪkə
ding	dɪŋ
tartan	tɑtən
inveterate	ɪnvɛtɚɪt
inactivate	ɪnæktɪveɪt
wicket	wɪkɪt
seance	seɪɑns
banquette	bæŋket
prefigure	prifɪɡjɚ
massed	mæst
instrumentality	ɪnstɹʊmɛntalɪti
deluge	dɛljudʒ
petting	pɛtɪŋ
imprudent	ɪmpɹudənt
schnapps	ʃnɑps
coot	kut
frankness	fɹæŋknɛs
daunt	dɔnt
plover	plʌvə
veep	vip
remit	ɹimɪt
ejaculate	ɪdʒækjʊleɪt
masochism	mæsəkɪzəm
cation	kætaɪən
pillory	pɪləɹi
docent	dəʊsənt
kingfisher	kɪŋfɪʃə
cartographic	kɑɹtəɡɹæfɪk
lout	laʊt
abortionist	əbɔɹʃnɪst
criminalization	krɪmɪnəlaɪzeɪʃən
alkali	ælkəlaɪ
cytoplasmic	saɪtəʊplazmɪk
drenched	dɹɛntʃt
balustrade	bæləstreɪd
reply	rɪplaɪ
penitent	pɛnətənt
biophysical	baɪəʊfɪzɪkəl
dimmer	dɪmər
parsimonious	pɑrsɪmoʊniəs
chill	tʃɪl
morpheme	mɔɹfim
unleaded	ʌnlɛdəd
paladin	pælədɪn
barmaid	bɑɹmeɪd
borer	bɔrə
gangrene	ɡæŋɡrin
laggard	laɡəd
umpteenth	ʌmptinθ
calisthenics	kælɪsθɛnɪks
disinclined	dɪsɪŋklaɪnd
diuretic	daɪjəɹɛtɪk
gargle	ɡɑɹɡəl
schadenfreude	ʃɑdənfɹɔɪdə
morel	məɹɛl
onyx	ɔnɪks
yuk	jʌk
griffin	ɡɹɪfɪn
encephalopathy	ɛnsɛfəlɒpəθi
magpie	mæɡpaɪ
ignominious	ɪɡnəmɪnɪəs
disempower	dɪsɪmpaʊwəɹ
hardscrabble	hɑrdskræbəl
thin	θɪn
aioli	ʌɪəʊli
overcast	oʊvɚkæst
garnet	ɡɑɹnət
disunity	dɪsjunɪti
fortieth	fɔɻtiəθ
linearity	lɪniæɹəti
gurgle	ɡəɡəl
blather	blæðər
largess	lɑɹdʒɛs
logarithm	lɑgəɹɪðəm
salicylic	sælɪsɪlɪk
hooked	hʊkt
claret	klærɪt
surfeit	sɝfɪt
iterate	ɪtəreɪt
twat	twæt
polis	pɒlɪs
nitro	naɪtrəʊ
hawker	hɔkə
overhang	əʊvəhaŋ
hexagon	hɛksəɡən
iconoclast	aɪkɒnəklæst
omniscience	ɑmnɪʃəns
tater	teɪtɚ
cavalcade	kævəlkeɪd
fizzy	fɪzi
infinitive	ɪnfɪnɪtɪv
reprove	ɹɪpɹuv
therefrom	ðeəfrɒm
backrest	bækɹest
leeward	liwɜɹd
crestfallen	krɛstfɔlən
typecast	taɪpkæst
unbind	ʌnbaɪnd
camisole	kamɪsəʊl
decamp	dikæmp
simulcast	sɪməlkæst
upright	ʌpraɪt
wholehearted	həʊlhɑɹtəd
bruschetta	brʊskɛtə
southpaw	saʊθpɔ
gab	ɡæb
creative	kɹieɪtɪv
mastiff	mæstɪf
gratuitously	ɡɹətjuɪtəsli
flab	flæb
hob	hɒb
ladyship	leɪdiʃɪp
polyglot	pɒliɡlɒt
denude	dɪnjud
paroxysm	pæɹəksɪzəm
commutation	kɒmjuteɪʃən
random	rændəm
privateer	pɹaɪvətɪə
adroit	ədɹɔɪt
flub	flʌb
narco	nɑkəʊ
awakening	əweɪkənɪŋ
decryption	dɪkɹɪpʃən
bloodlust	blʌdlʌst
thespian	θɛzbiən
widow	wɪdəʊ
tinkle	tɪŋkəl
krill	kɹɪl
chagrin	ʃæɡɹɪn
bent	bɛnt
fretful	fretfəl
saccharin	sækəɹɪn
hymen	haɪmən
treble	trɛbəl
gawky	ɡɔki
ganache	ɡənɑʃ
witticism	wɪtɪsɪzəm
cyborg	saɪbɔɹɡ
fledge	flɛdʒ
perfidy	pəfɪdi
epidural	ɛpɪdjɔɹəl
gimlet	ɡɪmlət
dipstick	dɪpstɪk
horn	hɔɹn
beside	bɪsaɪd
inelegant	ɪnɛlɪgənt
blinded	blaɪndəd
raconteur	ɹækɒntə
stapes	steɪpiz
bier	bɪɹ
anthropic	ænθɹɒpɪk
clean	klin
creamer	kɹiməɹ
fist	fɪst
brazier	breɪʒər
yesterday	jɛstɚdeɪ
ignominy	ɪɡnəmɪni
mythologize	mɪθɒlədʒʌɪz
leitmotif	laɪtmoʊtif
swill	swɪl
decant	dəkænt
overdone	ovəɻdɔn
pillage	pɪlədʒ
brane	bɹeɪn
capping	kapɪŋ
zealotry	zɛlətri
calcite	kælsaɪt
coitus	kəʊɪtəs
chemise	ʃəmiz
underestimate	ʌndɚɛstɨmeɪt
plateau	plætəʊ
emasculate	ɪmæskjəleɪt
disused	dɪsjuzd
discretely	dɪskɹitli
cogently	kəʊdʒntli
twee	twi
anodyne	ænədaɪn
niqab	nɪkɑb
mined	maɪnd
hosiery	hoʊʒəri
bauxite	bɔksaɪt
strappy	stɹapi
medina	mədinə
leash	liʃ
meander	miændəɹ
theophany	θiɒfəni
batik	bətik
elision	ɪlɪʒn
begotten	bɪɡɒtən
amoxicillin	əmɑksɪcɪlɪn
deltoid	dɛɫtɔɪd
limpid	lɪmpɪd
multifarious	mʌltɪfeəɹiəs
nine-tenths	naɪntɛnθs
proof	pɹuf
bracero	brəsɪərəʊ
backwash	bækwɒʃ
prevarication	pɹɪvaɹɪkeɪʃən
ingenuous	ɪndʒɛnjuəs
bewilder	bɪwɪldəɹ
lisp	lɪθp
applique	æplɪkeɪ
kielbasa	kɪlbɑsə
sepulchre	sɛpəɫkəɹ
lacerate	læsɚejt
guff	ɡʌf
hieroglyphic	haɪɹəɡlɪfɪk
flour	flæwɚ
familiar	fəmɪliə
autochthonous	ɔtɑkθənəs
pipette	paɪpɛt
blemish	blɛmɪʃ
affordably	əfɔɹdəbli
refereed	rɛfərid
goose	ɡus
shul	ʃul
yaw	jɔ
boyo	bɔɪəʊ
brushed	bɹʌʃt
honky-tonk	hɒŋkitɒŋk
anadromous	ənædɹəməs
deactivation	diæktɪveɪʃən
lowercase	ləʊəɹkeɪs
civet	sɪvɪt
taxi	tæksi
sigil	sɪdʒɪl
blaspheme	blæsfim
deregulatory	diɹɛgjələtɹi
pell-mell	pelmel
prole	proʊl
stevedore	stivədɔɹ
clusterfuck	klʌstəɹfʌk
backhand	bækhænd
laminar	læmɪnə
grilling	ɡɹɪlɪŋ
grope	ɡɹoʊp
allusive	əlusɪv
bebop	bibɒp
busk	bʌsk
pugilist	pjudʒəlɪst
gumdrop	ɡʌmdrɑp
ossify	ɑsəfaɪ
thumbtack	θʌmtæk
seitan	seɪtən
dace	deɪs
buccal	bjʌkəl
frank	fɹæŋk
recalcitrance	ɹɪkælsɪtɹəns
hyperventilation	haɪpəɹvɛntəleɪʃən
ductile	dʌktaɪl
imprecation	ɪmpɹɪkeɪʃən
oxbow	ɒksbəʊ
univocal	junɪvəkəl
tun	tʌn
codpiece	kɒdpis
gape	ɡeɪp
lariat	læɹɪət
steno	stɛnoʊ
sagacious	səɡeɪʃəs
brassica	bɹæsɪkə
urbanity	əbænɪti
tittle	tɪtəl
palindrome	pælɪndroʊm
tuned	tjʉnd
extemporaneous	ɛksɛmpɜɹeɪniəs
duodenum	djuəʊdinəm
ciabatta	tʃəbɑta
pedantry	pɛdəntɹi
kiddy	kɪɾi
mange	meɪndʒ
defibrillation	difɪbɹɪleɪʃən
broach	bɹəʊtʃ
rebus	ribəs
axolotl	æksəlɑɾəl
husk	hʌsk
olivine	ɒlɪvin
gouda	ɡudə
comitatus	kɒmɪteɪtəs
quits	kwɪts
credited	kredɪt
espadrille	ɛspədrɪl
catbird	katbəd
perseveration	pɚsɛvəreɪʃən
trollop	tɹɒləp
nougat	nuɡət
parenchyma	pərɛŋkəmə
gladiolus	ɡlædɪoʊləs
collier	kɑliɚ
aardvark	ɑɹdvɑɹk
laughing	lɑfɪŋ
cubby	kʌbi
interchange	ɪntɚtʃeɪndʒ
junk	dʒʌŋk
petting	pɛtɪŋ
atlatl	ɑtlɑtl
snoring	snɔrɪŋ
lambaste	læmbæst
crescent	kɹɛsnt
despairingly	dɪspɛərɪŋli
whirligig	wɜlɪɡɪɡ
rattan	ɹətan
itis	ʌɪtəs
de-emphasis	diɛmfəsɪs
stentorian	stɛntɔriən
petrify	pɛtɹəfaɪ
newel	njuəl
beatify	biætɪfaɪ
chum	tʃʌm
dissidence	dɪsɪdəns
deputation	dɛpjuteɪʃən
helicopter	hɛlikɒptəɹ
gruelling	ɡɹulɪŋ
expectedly	ɪkspɛktɪdli
nelly	nɛli
phosphorescence	fɑsfərɛsəns
generalship	dʒɛnəɹəlʃɪp
zither	zɪðəɹ
thespian	θɛzbiən
antinomy	æntɪnəmi
disputable	dɪspjutəbəɫ
postulant	pɒstjʊlənt
overlarge	əʊvəlɑdʒ
polyamory	pɒliæməri
entranced	ɛntrɑnst
libration	laɪbɹeɪʃən
monstrance	mɑnztɻəns
ouzo	uzəʊ
propitiate	prəpɪʃieɪt
bacchanal	bækənəl
glockenspiel	ɡlɒknspil
mawkish	mɔkɪʃ
quantile	kwɒntaɪl
hexadecimal	hɛksədɛsɪməl
appertain	æpɚten
neodymium	nɪəʊdɪmɪəm
enthalpy	enθalpi
katydid	keɪtidɪd
campanile	kæmpənileɪ
condyle	kɒndɪl
saturnalia	sætɚneɪliə
defoliate	difəʊlijeɪt
grain	ɡɹeɪn
boykin	bɔɪkən
epicycle	ɛpɪsaɪkəl
naphtha	næfθə
negritude	nɛɡɹɪtjud
engram	ɛngɹæm
vervain	vɜveɪn
palpitate	pælpɪteɪt
foppish	fɒpɪʃ
pastis	pæstis
erotic	ɪɹɒtɪk
fluster	flʌstə
greensward	ɡrinswɔd
positronic	pɒzɪtɹɒnɪk
quietist	kwʌɪətɪst
cytosine	saɪtəsin
demo	dɛməʊ
bustard	bʌstəd
soffit	sɒfɪt
scriptorium	skɹɪptoɹiəm
spose	spəʊz
plummy	plʌmi
satori	sætɔri
artemisia	ɑtɪmɪzɪə
spank	spæŋk
dilapidation	dəlæpədeɪʃən
velar	veɪlɚ
estrange	ɪstreɪndʒ
bionics	baɪɒnɪks
colloid	kɒlɔɪd
ultramarine	ʌltrəmərin
cycad	sʌɪkəd
trivet	trɪvɪt
teleporter	tɛlipɔrtər
adrenal	ædɹinəl
astrometry	əstɹɒmətɹi
tikka	tɪkə
ovipositor	əʊvɪpɒzɪtə
anthropometry	ænθrəʊpɒmɪtrɪ
mosh	mɒʃ
debilitation	dɪbɪlɪteɪʃən
scherzo	skɛtsəʊ
bap	bæp
smiley	smaɪli
pullet	pʊlɪt
outgrown	ɑʊtɡɻɔʊn
portcullis	pɔtkʌlɪs
incendiary	ɪnsɛndɪəɹɪ
inveigle	ɪnveɪɡəl
pretentiously	pɹɪtɛnʃəsli
kleptomaniac	klɛptəmeɪniæk
wade	weɪd
marred	mɑɹd
factious	fækʃəs
wasabi	wəsɑbi
cordage	kɔdɪdʒ
obtrude	ɒbtɹud
damselfish	dæmzəlfɪʃ
embolus	ɛmbələs
lapidary	læpɪdəri
eyrie	ɪɹi
severing	sɛvɹɪŋ
uncollectible	ʌnkəlɛktɨbl
decoupage	deɪkupɑʒ
laager	laɡər
savoir-faire	sævwɑrfɛr
postnational	pəʊstnaʃənəl
depositary	dɪpɒzɪtɹi
injudicious	ɪndʒʊdɪʃəs
inapt	ɪnæpt
lithic	lɪθɪk
snick	snɪk
defective	dɪfɛktɪv
chapman	tʃæpmən
descender	dɪsɛndəɹ
freebooter	fɹibutə
dragoon	dɹəgun
thralldom	θɹɔldəm
supernal	supɝnəl
disestablish	dɪsɪstæblɪʃ
deliverability	dɪlɪvɹəbɪlɪti
disembarkation	dɪsɪmbɑɹkeɪʃən
isotropy	aɪsɒtɹəpi
ungraspable	ʌnɡɹɑspəbəl
consolatory	kənsɒlətri
decertification	disɜɹtɪfɪkeɪʃən
lavishness	lævɪʃnɪs
archaism	ɑkeɪɪzəm
abstractedly	æbstɹæktɪdli
accretive	əkritɪv
badge	bædʒ
conterminous	kəntəmɪnəs
freestone	fristoʊn
diastole	daɪæstɒli
acedia	əsidɪə
thymine	θaɪmɪn
clayey	kleɪji
debauch	dɪbɔtʃ
prelapsarian	pɹilapsɛɹɪən
co-wife	koʊwaɪf
monoamine	mɒnəʊeɪmin
underlay	ʌndəɻleɪ
consolingly	kɒnsəʊlɪŋlɪi
splay	spleɪ
cetacean	sɪteɪʃən
fox	fɑks
grass	ɡɹæs
epigone	ɛpɨɡəʊn
expatiate	ɛkspeɪʃɪeɪt
adventuress	ədvɛntʃəɹɪs
seediness	sidinəs
ology	ɑlədʒi
cavil	kævəl
